Cod. Inscrição,Nome,Tipo Prova,Sala,Horário
1,Lauren Lafont,Prova D,Sala A,08h
2,Eberto Durban,Prova C,Sala A,08h
3,Sidonia Stockton,Prova B,Sala A,08h
5,Winifield Nutbeam,Prova B,Sala A,08h
6,Pablo Byram,Prova D,Sala A,08h
7,Herold Mulvaney,Prova D,Sala A,08h
9,Dunn Clemenceau,Prova C,Sala A,08h
11,Willabella Keyho,Prova C,Sala A,08h
12,Juliane Konrad,Prova C,Sala A,08h
13,Luigi Deamer,Prova D,Sala A,08h
14,Meggy Berrecloth,Prova D,Sala A,08h
16,Godfry Marjanovic,Prova C,Sala A,08h
17,Coretta North,Prova C,Sala A,08h
18,Bibbye Hutcheons,Prova D,Sala A,08h
19,Hildegarde Kick,Prova B,Sala A,08h
20,Wilburt Wrightam,Prova B,Sala A,08h
21,Spenser Oley,Prova D,Sala A,08h
22,Lance Catenot,Prova C,Sala A,08h
23,Ivy Bilt,Prova A,Sala A,08h
24,Alayne Hamshar,Prova A,Sala A,08h
25,Leonora Rangall,Prova D,Sala A,08h
26,Lindsay Levett,Prova D,Sala A,08h
27,Glynis Sills,Prova C,Sala A,08h
28,Modesty Santacrole,Prova A,Sala A,08h
29,Barn Speers,Prova C,Sala A,08h
30,Ealasaid Cristofolini,Prova B,Sala A,08h
31,Myrwyn MacKnocker,Prova D,Sala A,08h
32,Codee Lewnden,Prova C,Sala A,08h
34,Norbert Pryell,Prova C,Sala A,08h
35,Kelila Henden,Prova D,Sala A,08h
36,Clive Babalola,Prova C,Sala A,08h
37,Kalle Ibbotson,Prova B,Sala A,08h
38,Wandis Sibbering,Prova A,Sala A,08h
39,Carlie MacCurley,Prova C,Sala A,08h
40,Roi Rickeard,Prova D,Sala A,08h
41,Costa Woodhead,Prova C,Sala A,08h
42,Hana O'Lenechan,Prova D,Sala A,08h
43,Carson Carse,Prova C,Sala A,08h
44,Ruth Bavidge,Prova D,Sala A,08h
45,Mohandis Bahl,Prova B,Sala A,08h
46,Carita Grinston,Prova D,Sala B,08h
47,Gisella Hixson,Prova D,Sala B,08h
48,Kelcie Olman,Prova B,Sala B,08h
51,Shermy Scarsbrick,Prova C,Sala B,08h
52,Valentina Wadworth,Prova C,Sala B,08h
55,Caril Raddon,Prova A,Sala B,08h
56,Tan Speedy,Prova C,Sala B,08h
57,Tootsie Nehlsen,Prova C,Sala B,08h
60,Billy Berisford,Prova A,Sala B,08h
61,Lebbie Riach,Prova D,Sala B,08h
62,Catlee Harmeston,Prova B,Sala B,08h
63,Rochell Balding,Prova A,Sala B,08h
64,Tracy Bosley,Prova B,Sala B,08h
65,Mikol Cheatle,Prova B,Sala B,08h
66,Hannis Ranahan,Prova D,Sala B,08h
67,Leisha Sergeant,Prova C,Sala B,08h
68,Tarrah Beament,Prova B,Sala B,08h
70,Genni Rosthorn,Prova A,Sala B,08h
71,Conrade Trimme,Prova A,Sala B,08h
72,Lee Waples,Prova D,Sala B,08h
73,Trudey MacDowal,Prova B,Sala B,08h
74,Zacherie Aindriu,Prova C,Sala B,08h
76,Eugenie Kibel,Prova B,Sala B,08h
77,Elie Gillbee,Prova C,Sala B,08h
79,Chelsie O'Conor,Prova D,Sala B,08h
81,Darrell Forstall,Prova B,Sala B,08h
82,Celie Dodman,Prova D,Sala B,08h
83,Trixie Iglesias,Prova D,Sala B,08h
84,Tiff Cornill,Prova C,Sala B,08h
86,Karly Dudlestone,Prova D,Sala B,08h
87,Andy Bizzey,Prova C,Sala B,08h
88,Dode Balston,Prova C,Sala B,08h
89,Rudie Huguet,Prova D,Sala B,08h
90,Lonni Leap,Prova C,Sala B,08h
92,Darda Easeman,Prova A,Sala B,08h
93,Ilario Vatcher,Prova C,Sala B,08h
94,Cleavland Sehorsch,Prova A,Sala B,08h
95,Gerard Leonarde,Prova D,Sala B,08h
99,Blinni Oulett,Prova B,Sala B,08h
101,Rosa Stiller,Prova B,Sala B,08h
102,Tanya Wedderburn,Prova A,Sala B,08h
103,Bennett Moniker,Prova A,Sala B,08h
104,Dominik Snelle,Prova A,Sala B,08h
107,Karolina McGuire,Prova C,Sala B,08h
109,Finlay D'Emanuele,Prova C,Sala B,08h
110,Cloris Fewless,Prova A,Sala C,08h
111,Ancell Tweedlie,Prova D,Sala C,08h
112,Sutherland Curry,Prova A,Sala C,08h
113,Tabatha Jaques,Prova D,Sala C,08h
114,Ingamar Falconer-Taylor,Prova C,Sala C,08h
115,Derrick St. John,Prova A,Sala C,08h
118,Porter De Brett,Prova A,Sala C,08h
119,Mae Elvidge,Prova A,Sala C,08h
121,Gabbi Esberger,Prova B,Sala C,08h
122,Valery Brisbane,Prova B,Sala C,08h
123,Gibbie Tapsell,Prova D,Sala C,08h
124,Anabel Zanicchi,Prova A,Sala C,08h
125,Danie Nolte,Prova D,Sala C,08h
127,Nicolina Cunio,Prova A,Sala C,08h
128,Dido Concklin,Prova A,Sala C,08h
129,Napoleon Hinrichsen,Prova D,Sala C,08h
130,Jocelyne Hilbourne,Prova A,Sala C,08h
131,Eamon Barnwill,Prova D,Sala C,08h
133,Phillipp Squirrell,Prova C,Sala C,08h
134,Pet Cicccitti,Prova C,Sala C,08h
135,Glenn Sam,Prova C,Sala C,08h
136,Paula Ducarel,Prova A,Sala C,08h
138,Maxie Bilyard,Prova B,Sala C,08h
139,Alexi Morales,Prova A,Sala C,08h
140,Ximenes Luttger,Prova B,Sala C,08h
141,Jeremy Licence,Prova D,Sala C,08h
143,Kay Craythorn,Prova C,Sala C,08h
145,Pattie Frotton,Prova B,Sala C,08h
146,Eduino Holtaway,Prova B,Sala C,08h
147,Alaine Massingham,Prova B,Sala C,08h
148,Gay Chirm,Prova D,Sala C,08h
149,Brade Moxham,Prova C,Sala C,08h
150,Erasmus Garrigan,Prova B,Sala C,08h
152,Matthaeus Starking,Prova A,Sala C,08h
153,Christa Holbarrow,Prova D,Sala C,08h
154,Nathaniel Jakeway,Prova A,Sala C,08h
155,Gretal Salmoni,Prova C,Sala C,08h
156,Vernen Creamen,Prova C,Sala C,08h
157,Leeanne Boath,Prova B,Sala C,08h
160,Stuart Dymond,Prova B,Sala C,08h
161,Jeannie Paulou,Prova D,Sala C,08h
162,Kimmi Lingley,Prova C,Sala C,08h
163,Esra McTiernan,Prova B,Sala C,08h
164,Valle Langland,Prova B,Sala C,08h
165,Annnora Jiroutek,Prova B,Sala C,08h
166,Reeta Flewin,Prova D,Sala C,08h
167,Michaela Gunda,Prova C,Sala C,08h
168,Gregory Bytheway,Prova C,Sala C,08h
172,Gaynor Camber,Prova C,Sala C,08h
173,Ezequiel Tombs,Prova A,Sala C,08h
174,Marijo Lambard,Prova B,Sala D,08h
175,Roland Culligan,Prova C,Sala D,08h
176,Meghan Pharaoh,Prova A,Sala D,08h
177,Cathi Falkner,Prova A,Sala D,08h
179,Tedda Twelve,Prova A,Sala D,08h
180,Alana Killgus,Prova C,Sala D,08h
182,Fulton Sidebotham,Prova B,Sala D,08h
183,Georgiana Boyen,Prova D,Sala D,08h
184,Cristin Longman,Prova D,Sala D,08h
185,Milissent Dundon,Prova A,Sala D,08h
186,Bernie Tripp,Prova B,Sala D,08h
188,Brendis Kynforth,Prova D,Sala D,08h
189,Kathleen Sisnett,Prova D,Sala D,08h
190,Lian McKenney,Prova B,Sala D,08h
191,Ellsworth Giovanizio,Prova A,Sala D,08h
192,Mommy Demangeot,Prova A,Sala D,08h
193,Evaleen Ruttgers,Prova C,Sala D,08h
194,Sabra Nolli,Prova D,Sala D,08h
195,Al Juggings,Prova A,Sala D,08h
196,Arther Deval,Prova D,Sala D,08h
197,Starlin Culpen,Prova A,Sala D,08h
198,Penny MacTurlough,Prova C,Sala D,08h
199,Fleming Logue,Prova C,Sala D,08h
200,Glenine Urrey,Prova A,Sala D,08h
201,Florette Pritchitt,Prova C,Sala D,08h
202,Oates Reuven,Prova C,Sala D,08h
203,Clemens Gabbitas,Prova C,Sala D,08h
204,Alley Conachie,Prova B,Sala D,08h
205,Kaleb Gooke,Prova D,Sala D,08h
206,Danni Medwell,Prova B,Sala D,08h
209,Doyle Ricciardelli,Prova A,Sala D,08h
210,Courtenay Renvoys,Prova D,Sala D,08h
212,Winston Garnett,Prova A,Sala D,08h
213,Cal Alesin,Prova A,Sala D,08h
214,Adrienne Vickar,Prova A,Sala D,08h
215,Sonnie Hallahan,Prova B,Sala D,08h
216,Laurens Rashleigh,Prova C,Sala D,08h
217,Elladine Tidball,Prova A,Sala D,08h
218,Brena Jerzycowski,Prova D,Sala D,08h
220,Stern Kingston,Prova D,Sala D,08h
221,Elsey Sperski,Prova D,Sala E,08h
222,Tobie Brahams,Prova D,Sala E,08h
223,Jourdan Kaliszewski,Prova C,Sala E,08h
224,Ladonna Brandino,Prova A,Sala E,08h
225,Rosina Kedie,Prova C,Sala E,08h
228,Aubrie Cansdale,Prova D,Sala E,08h
229,Darrick Gossage,Prova D,Sala E,08h
230,Kerby Marczyk,Prova A,Sala E,08h
231,Donnie Reinbeck,Prova A,Sala E,08h
233,Hersch Goskar,Prova B,Sala E,08h
234,Ferd Tchir,Prova B,Sala E,08h
235,Chance Rewbottom,Prova C,Sala E,08h
236,Em Bulstrode,Prova A,Sala E,08h
238,Elysia Greeves,Prova D,Sala E,08h
240,Baird Decaze,Prova B,Sala E,08h
241,Deonne Gammill,Prova C,Sala E,08h
242,Jillayne Branthwaite,Prova D,Sala E,08h
245,Lara Bartomieu,Prova C,Sala E,08h
246,Torry Campelli,Prova C,Sala E,08h
248,Dilly Spaduzza,Prova A,Sala E,08h
249,Christie Dawtrey,Prova C,Sala E,08h
250,Zacherie Regus,Prova C,Sala E,08h
251,Eddi Leedes,Prova C,Sala A,10h
253,Vassily Gomm,Prova D,Sala A,10h
254,Thorin Nancekivell,Prova C,Sala A,10h
255,Cal Archley,Prova B,Sala A,10h
256,Sherill Sawood,Prova B,Sala A,10h
257,Martita Kench,Prova C,Sala A,10h
258,Zacharia Coaten,Prova D,Sala A,10h
259,Nydia Casier,Prova A,Sala A,10h
260,Boote Hariot,Prova C,Sala A,10h
262,Carita Ragg,Prova D,Sala A,10h
264,Rosalyn Crumpton,Prova C,Sala A,10h
265,Karim Bittlestone,Prova D,Sala A,10h
267,Oran Burdett,Prova D,Sala A,10h
268,Lian Troy,Prova A,Sala A,10h
269,Agnola Ivanaev,Prova A,Sala A,10h
271,Grantley Fleg,Prova D,Sala A,10h
272,Donal Yggo,Prova D,Sala A,10h
274,Tommi Bateman,Prova C,Sala A,10h
275,Clo Budd,Prova B,Sala A,10h
276,Jodi Ruslin,Prova A,Sala A,10h
278,Sabra Dumbell,Prova D,Sala A,10h
279,Ronnie Tatchell,Prova D,Sala A,10h
280,Aguistin Fairebrother,Prova D,Sala A,10h
283,Sherrie Cappleman,Prova A,Sala A,10h
284,Benjamen Taillard,Prova D,Sala A,10h
285,Nickie Darnbrook,Prova B,Sala A,10h
286,Simeon Golling,Prova B,Sala A,10h
288,Evania Kayzer,Prova D,Sala A,10h
289,Eveleen Kenny,Prova D,Sala A,10h
290,York Terren,Prova A,Sala A,10h
291,Reilly Roskeilly,Prova B,Sala A,10h
292,Mable Dearan,Prova D,Sala A,10h
293,Sanders Dougharty,Prova A,Sala A,10h
294,Lyssa Hardeman,Prova C,Sala A,10h
295,Sherrie O'Shirine,Prova B,Sala A,10h
296,Bess Ortell,Prova C,Sala A,10h
297,Jaquelin Malenoir,Prova C,Sala A,10h
298,Emmy Pauletto,Prova D,Sala A,10h
299,Vivia Tarbatt,Prova C,Sala A,10h
300,Maybelle Lebang,Prova C,Sala A,10h
301,Charmian Riddel,Prova A,Sala B,10h
302,Edgardo McCarrell,Prova C,Sala B,10h
303,Tamiko Goodger,Prova C,Sala B,10h
304,Germain Thomas,Prova B,Sala B,10h
305,Fawnia Lantaph,Prova A,Sala B,10h
306,Tobe Crane,Prova D,Sala B,10h
310,Lilah Bloxsome,Prova A,Sala B,10h
312,Josephina Fishwick,Prova B,Sala B,10h
315,Ailsun De La Hay,Prova B,Sala B,10h
316,Ralina Lamba,Prova D,Sala B,10h
317,Erick Zamudio,Prova A,Sala B,10h
318,Abraham Edlington,Prova A,Sala B,10h
319,Sammy MacAdie,Prova B,Sala B,10h
320,Beniamino Cosgrave,Prova D,Sala B,10h
321,Evy O'Halleghane,Prova C,Sala B,10h
322,Brittany Crigin,Prova D,Sala B,10h
323,Jarret Sylvaine,Prova A,Sala B,10h
324,Lillis MacRierie,Prova C,Sala B,10h
326,Leoline Gokes,Prova C,Sala B,10h
327,Elene Rabbitt,Prova C,Sala B,10h
328,Ludovika Brislan,Prova C,Sala B,10h
329,Morrie Armes,Prova A,Sala B,10h
330,Fara Janaud,Prova C,Sala B,10h
331,Nahum Cersey,Prova C,Sala B,10h
332,Matias Tilberry,Prova C,Sala B,10h
333,Elias Cogger,Prova A,Sala B,10h
334,Erskine Dionsetto,Prova D,Sala B,10h
335,Missie Greeding,Prova C,Sala B,10h
336,Pate McCritchie,Prova A,Sala B,10h
337,Freddi Cherry Holme,Prova B,Sala B,10h
338,Leoine Pitkins,Prova B,Sala B,10h
340,Joni Hillyatt,Prova C,Sala B,10h
341,Clarke Birden,Prova B,Sala B,10h
342,Karia Bennedsen,Prova A,Sala B,10h
343,Arleyne Ellingworth,Prova A,Sala B,10h
344,Maxie Le Barr,Prova D,Sala B,10h
345,Renae Downer,Prova A,Sala B,10h
346,Grethel Shuttlewood,Prova D,Sala B,10h
347,Jinny Rounsivall,Prova A,Sala B,10h
348,Lena Pattesall,Prova B,Sala B,10h
349,Zak Duddy,Prova C,Sala B,10h
350,Alisa Kennewell,Prova D,Sala B,10h
351,Herta Hallowes,Prova D,Sala B,10h
352,Rakel Perllman,Prova C,Sala B,10h
353,Jabez Shilliday,Prova B,Sala B,10h
354,Nelle Huggan,Prova C,Sala C,10h
355,Francklyn Bravington,Prova A,Sala C,10h
356,Renault Quinane,Prova A,Sala C,10h
359,Billye Burdus,Prova C,Sala C,10h
360,Burr Wanjek,Prova A,Sala C,10h
361,Trula Evelyn,Prova D,Sala C,10h
362,Earle Trimmill,Prova C,Sala C,10h
363,Bjorn Dommersen,Prova A,Sala C,10h
364,Leisha Donnel,Prova A,Sala C,10h
366,Christi Ripon,Prova B,Sala C,10h
367,Jasper Lille,Prova A,Sala C,10h
368,Delinda Hutley,Prova A,Sala C,10h
369,Gates Rossin,Prova C,Sala C,10h
370,Reiko Fidian,Prova C,Sala C,10h
371,Joanna Heinl,Prova C,Sala C,10h
372,Natalya Monard,Prova C,Sala C,10h
373,Jennine Moisey,Prova D,Sala C,10h
374,Jasmin Foulkes,Prova D,Sala C,10h
375,Lin Hanstock,Prova B,Sala C,10h
376,Terry Jerger,Prova B,Sala C,10h
377,Iris Boffin,Prova B,Sala C,10h
378,Cort MacBarron,Prova A,Sala C,10h
379,Georgianna Goodbairn,Prova C,Sala C,10h
380,Bradney Pinfold,Prova D,Sala C,10h
383,Sallyann Petruska,Prova B,Sala C,10h
384,Faina Ogglebie,Prova B,Sala C,10h
385,Morgen Panyer,Prova B,Sala C,10h
386,Joelly Ballsdon,Prova B,Sala C,10h
387,Isidor Dahlborg,Prova B,Sala C,10h
389,Berny Trevascus,Prova A,Sala C,10h
391,Tova Tunny,Prova C,Sala C,10h
392,Pace Wolfendale,Prova D,Sala C,10h
393,Shanan Lea,Prova B,Sala C,10h
394,Joye Abade,Prova A,Sala C,10h
395,La verne Crews,Prova C,Sala C,10h
396,Arly McGinnell,Prova A,Sala C,10h
398,Kennedy Crohan,Prova D,Sala C,10h
399,Yehudit Toffalo,Prova D,Sala C,10h
400,Bathsheba Goldsby,Prova C,Sala C,10h
401,Willem Lantoph,Prova B,Sala C,10h
402,Cameron Brilon,Prova A,Sala C,10h
403,Fawne Dodson,Prova C,Sala C,10h
404,Rhodie Munkley,Prova C,Sala C,10h
405,Caesar Treher,Prova C,Sala C,10h
406,Tommie Trewman,Prova C,Sala C,10h
409,Laurel Bartolomeu,Prova A,Sala C,10h
410,Tommy Despenser,Prova C,Sala C,10h
411,Laurence Sexcey,Prova D,Sala C,10h
412,Cleopatra Thatcham,Prova A,Sala C,10h
413,Dilan Peasnone,Prova A,Sala C,10h
414,Thomasin Kennifeck,Prova C,Sala D,10h
415,Alfonso Chaters,Prova C,Sala D,10h
416,Charlena Aland,Prova D,Sala D,10h
418,Junie Maffei,Prova C,Sala D,10h
419,Darci Petzold,Prova D,Sala D,10h
420,Herc McMearty,Prova D,Sala D,10h
421,Rollin Bozier,Prova C,Sala D,10h
422,Janeczka Elbourne,Prova A,Sala D,10h
423,Windham Massingham,Prova C,Sala D,10h
424,Alameda Accomb,Prova C,Sala D,10h
425,Linn Stoite,Prova B,Sala D,10h
426,Nev Godsal,Prova C,Sala D,10h
428,Kaiser Piell,Prova C,Sala D,10h
429,Shannah Gregg,Prova D,Sala D,10h
430,Merridie Duchant,Prova A,Sala D,10h
431,Alistair Scowcraft,Prova B,Sala D,10h
433,Neal Crawford,Prova B,Sala D,10h
434,Yuma Hazlegrove,Prova C,Sala D,10h
435,Delly Bartels-Ellis,Prova C,Sala D,10h
436,Xerxes Adkins,Prova D,Sala D,10h
437,Shirline Wafer,Prova C,Sala D,10h
438,Stace Kittredge,Prova A,Sala D,10h
439,Carmina O'Nolan,Prova C,Sala D,10h
440,Herminia Ennew,Prova D,Sala D,10h
441,Rhonda Avraam,Prova D,Sala D,10h
442,Grannie Callacher,Prova C,Sala D,10h
443,Padraig Stowell,Prova A,Sala D,10h
444,Ax O'Looney,Prova B,Sala D,10h
446,Rianon Trevethan,Prova C,Sala D,10h
447,Linc Digwood,Prova D,Sala D,10h
448,Dur Oatley,Prova B,Sala D,10h
449,Galvin West,Prova B,Sala D,10h
450,Neville Foffano,Prova C,Sala D,10h
451,Marcelle O'Cooney,Prova A,Sala D,10h
452,Kandy Leel,Prova A,Sala D,10h
453,Harwilll Fansy,Prova D,Sala D,10h
454,Emily Feighry,Prova D,Sala D,10h
455,Albrecht Ablott,Prova D,Sala D,10h
456,Alma Hucks,Prova B,Sala D,10h
457,Sherri Bruton,Prova A,Sala D,10h
458,Maryjo Franey,Prova B,Sala E,10h
460,Bondie Strickland,Prova C,Sala E,10h
462,Margarita Totaro,Prova A,Sala E,10h
463,Gus Slyne,Prova D,Sala E,10h
465,Darill Oxbe,Prova B,Sala E,10h
466,Charmaine Wisker,Prova D,Sala E,10h
467,Alidia McLucas,Prova A,Sala E,10h
468,Doe Aylward,Prova D,Sala E,10h
470,Thorvald McRobbie,Prova D,Sala E,10h
471,Valina Fake,Prova C,Sala E,10h
472,Lindy Clohisey,Prova D,Sala E,10h
473,Falkner Reyna,Prova C,Sala E,10h
475,Jacynth Issac,Prova A,Sala E,10h
476,Kelila Sperry,Prova B,Sala E,10h
477,Hedvige Standall,Prova B,Sala E,10h
478,Gabie Daniels,Prova B,Sala E,10h
479,Danya Shackesby,Prova A,Sala E,10h
480,Francklyn Gerrelt,Prova D,Sala E,10h
481,Cissiee Hugo,Prova D,Sala A,13h
482,Craig Cagan,Prova D,Sala A,13h
483,Wolfy Piggin,Prova B,Sala A,13h
484,Stephi Gyenes,Prova B,Sala A,13h
485,Barris Scala,Prova A,Sala A,13h
486,Edlin Galvin,Prova B,Sala A,13h
487,Theresa Leheude,Prova B,Sala A,13h
488,Mattie MacCarrane,Prova C,Sala A,13h
489,Loria Simeonov,Prova A,Sala A,13h
490,Howey De Blasi,Prova C,Sala A,13h
491,Aeriel Grahl,Prova C,Sala A,13h
492,Vanni Ackhurst,Prova B,Sala A,13h
493,Jessie Tillett,Prova C,Sala A,13h
494,Kathi Grigoriscu,Prova D,Sala A,13h
496,Prisca Geindre,Prova C,Sala A,13h
497,Joyous Attrie,Prova D,Sala A,13h
499,Cullin Nobriga,Prova A,Sala A,13h
500,Cristi Manuaud,Prova A,Sala A,13h
504,Diena Nowakowski,Prova D,Sala A,13h
505,Bobbye Haggart,Prova A,Sala A,13h
506,Desirae Cicconetti,Prova A,Sala A,13h
507,Teador Puckey,Prova B,Sala A,13h
508,Francis Hearst,Prova B,Sala A,13h
509,Humberto Stansbie,Prova C,Sala A,13h
510,Fredelia Elder,Prova D,Sala A,13h
512,Herbie McCheyne,Prova C,Sala A,13h
513,Tamara Vigars,Prova A,Sala A,13h
514,Alysa Sabatini,Prova C,Sala A,13h
515,Cecilius Sprosson,Prova A,Sala A,13h
516,Nichol Christie,Prova B,Sala A,13h
517,Rosemaria Hasson,Prova B,Sala A,13h
521,Skylar Antczak,Prova B,Sala A,13h
523,Barbe Calendar,Prova B,Sala A,13h
524,Latrina Haggett,Prova C,Sala A,13h
525,Harp Congdon,Prova B,Sala A,13h
526,Max Pyrke,Prova A,Sala A,13h
527,Carlye Luno,Prova A,Sala A,13h
528,Rawley Wenban,Prova D,Sala A,13h
529,Clarissa Pettyfar,Prova B,Sala A,13h
531,Grete Nobles,Prova C,Sala A,13h
532,Emmott Prew,Prova A,Sala B,13h
533,Mireille Leyfield,Prova D,Sala B,13h
534,Joice Stanyard,Prova B,Sala B,13h
535,Carline Duly,Prova C,Sala B,13h
536,Aldis Popworth,Prova C,Sala B,13h
538,Skyler Warcop,Prova D,Sala B,13h
539,Nadine Conklin,Prova D,Sala B,13h
540,Matthieu Madle,Prova D,Sala B,13h
542,Montague Tavernor,Prova A,Sala B,13h
543,Fayina Narey,Prova A,Sala B,13h
544,Chicky Duhig,Prova B,Sala B,13h
545,Saunders Willgrass,Prova D,Sala B,13h
546,Corrianne Feaveryear,Prova B,Sala B,13h
547,Lilli Purkiss,Prova A,Sala B,13h
549,Henrietta Dudbridge,Prova A,Sala B,13h
550,Janenna Wyrall,Prova C,Sala B,13h
551,Pierson Streatley,Prova A,Sala B,13h
553,Dede Doornbos,Prova B,Sala B,13h
554,Martin Cheek,Prova B,Sala B,13h
555,Bonnee Tattersdill,Prova B,Sala B,13h
557,Denver Dunphie,Prova A,Sala B,13h
558,Keir Mager,Prova D,Sala B,13h
560,Zechariah Gooderridge,Prova A,Sala B,13h
562,Billy Blackley,Prova C,Sala B,13h
563,Korry Ambrozewicz,Prova B,Sala B,13h
564,Fred Millichip,Prova B,Sala B,13h
566,Martita Danilovitch,Prova C,Sala B,13h
568,Robinia Chamberlayne,Prova B,Sala B,13h
570,Bev Sorensen,Prova B,Sala B,13h
571,Cristal Hylton,Prova C,Sala B,13h
573,Jeromy Ricci,Prova B,Sala B,13h
574,Whitman Creech,Prova D,Sala B,13h
575,Katusha Bampforth,Prova C,Sala B,13h
576,Francisco Uttermare,Prova D,Sala B,13h
577,Albie Druitt,Prova D,Sala B,13h
578,Adair Brose,Prova C,Sala B,13h
579,Richy Crawford,Prova B,Sala B,13h
580,Luisa MacKilroe,Prova D,Sala B,13h
581,Harley Whelpton,Prova C,Sala B,13h
582,Auguste Arbor,Prova B,Sala B,13h
583,Cointon Abrahamovitz,Prova A,Sala B,13h
584,Katinka Ing,Prova D,Sala B,13h
585,Sanson Ca,Prova B,Sala B,13h
587,Allyce Karys,Prova B,Sala B,13h
588,Malchy Morshead,Prova B,Sala B,13h
589,Nedi Gentil,Prova C,Sala D,13h
590,Ronda Rakestraw,Prova B,Sala D,13h
591,Marisa Fallen,Prova D,Sala D,13h
592,Emmerich Frankes,Prova C,Sala D,13h
593,Johanna Bustin,Prova D,Sala D,13h
594,Giraldo Bartunek,Prova A,Sala D,13h
595,Rik Haslin,Prova B,Sala D,13h
596,Aristotle Imort,Prova C,Sala D,13h
597,Gates Capinetti,Prova A,Sala D,13h
598,Ardyth Habberjam,Prova B,Sala D,13h
599,Valdemar Bonn,Prova D,Sala D,13h
601,Donny Mayhead,Prova A,Sala D,13h
603,Gilbertine Beszant,Prova A,Sala D,13h
605,Helen MacNamee,Prova B,Sala D,13h
606,Bobinette Sheppard,Prova B,Sala D,13h
607,Meara Thieme,Prova C,Sala D,13h
608,Mal Burchett,Prova C,Sala D,13h
609,Lonnie Tibbotts,Prova A,Sala D,13h
612,Vinni Sapson,Prova B,Sala D,13h
613,Rustie Cheel,Prova A,Sala D,13h
614,Garey Rispine,Prova C,Sala D,13h
615,Carine Alam,Prova A,Sala D,13h
616,Ludvig Vatcher,Prova D,Sala D,13h
617,Dilan Hardiker,Prova B,Sala D,13h
618,Frazer Archbald,Prova A,Sala D,13h
619,Eulalie Abram,Prova A,Sala D,13h
620,Margo Spellworth,Prova D,Sala D,13h
621,Morganne Cicutto,Prova C,Sala D,13h
624,Paton Duffitt,Prova C,Sala D,13h
625,Luise Lawlor,Prova D,Sala D,13h
626,Yolane Gillmor,Prova D,Sala D,13h
627,Teador Laxen,Prova C,Sala D,13h
628,Elwyn Tiner,Prova C,Sala D,13h
630,Arabela Frackiewicz,Prova B,Sala D,13h
635,Carlye Chave,Prova A,Sala D,13h
637,Fredelia Bertomieu,Prova C,Sala D,13h
638,Dirk Townson,Prova A,Sala D,13h
639,Rosina Tring,Prova B,Sala D,13h
640,Ramsey Neve,Prova C,Sala D,13h
641,Beverley Baurerich,Prova B,Sala D,13h
642,Aron Mowett,Prova C,Sala E,13h
643,Sigismundo Endrici,Prova D,Sala E,13h
644,Lowe Edelman,Prova D,Sala E,13h
646,Ethelin Wark,Prova A,Sala E,13h
647,Sonia Spendlove,Prova D,Sala E,13h
648,Kara Emanson,Prova A,Sala E,13h
649,Delila Arling,Prova A,Sala E,13h
650,Calley Cardoso,Prova A,Sala E,13h
651,Othelia Deeming,Prova B,Sala E,13h
652,Rebekkah Peplaw,Prova A,Sala E,13h
653,Prince Wickersley,Prova B,Sala E,13h
654,Abrahan Tregea,Prova D,Sala E,13h
655,Maritsa Sawford,Prova C,Sala E,13h
656,Katalin Antunes,Prova D,Sala E,13h
657,Nestor Greig,Prova B,Sala E,13h
658,Harrison Shiell,Prova C,Sala E,13h
659,Sylvester Sommerscales,Prova D,Sala E,13h
661,Johnath Christoforou,Prova D,Sala E,13h
662,Clifford Fitzer,Prova D,Sala E,13h
663,Huntington Whitelock,Prova D,Sala E,13h
665,Si Clements,Prova A,Sala E,13h
666,Aaren Burdus,Prova B,Sala E,13h
667,Jewelle Anderer,Prova D,Sala E,13h
670,Isaac Locock,Prova B,Sala E,13h
671,Alethea Butland,Prova C,Sala E,13h
672,Ciel Moxham,Prova D,Sala E,13h
673,Brita Birtley,Prova C,Sala E,13h
674,Kandace Hayman,Prova D,Sala E,13h
675,Fredericka Gino,Prova A,Sala E,13h
676,Liane Snoding,Prova B,Sala E,13h
677,Sheppard Pallesen,Prova C,Sala E,13h
678,Fleming Sherwen,Prova A,Sala E,13h
679,Ignacio Lefridge,Prova B,Sala E,13h
680,Ulla Simeoni,Prova B,Sala E,13h
681,Oberon Rentz,Prova C,Sala E,13h
682,Leonerd Kraut,Prova B,Sala E,13h
683,Rudolph Smellie,Prova B,Sala E,13h
687,Noland Bohje,Prova B,Sala E,13h
688,Nikaniki Roxbee,Prova D,Sala E,13h
689,Carmen Beament,Prova D,Sala E,13h
691,Rutledge Dibb,Prova D,Sala E,13h
692,Leif Yarnley,Prova C,Sala E,13h
693,Ivy Gorch,Prova C,Sala E,13h
694,Steven Bartolacci,Prova C,Sala E,13h
695,Dolli Hathaway,Prova B,Sala E,13h
697,Sheela Sparry,Prova C,Sala E,13h
699,Em Boycott,Prova B,Sala E,13h
700,Pattie Munning,Prova D,Sala E,13h
702,Gianna Picken,Prova C,Sala C,15h
703,Veronica Andreoletti,Prova B,Sala C,15h
704,Amelia Runnett,Prova D,Sala C,15h
705,Kyle Cupitt,Prova D,Sala C,15h
706,Yance Fluck,Prova B,Sala C,15h
707,Jordon Hafner,Prova C,Sala C,15h
708,Umberto Dionisetti,Prova D,Sala C,15h
712,Kylie Perutto,Prova A,Sala C,15h
713,Quinn Milmoe,Prova D,Sala C,15h
714,Phillipe Olman,Prova D,Sala C,15h
715,Aguste Jarrelt,Prova B,Sala C,15h
716,Latisha Netti,Prova A,Sala C,15h
717,Marie-jeanne Fawthorpe,Prova B,Sala C,15h
718,Winnah Okell,Prova C,Sala C,15h
719,Teresa Dowzell,Prova D,Sala C,15h
720,Trix Mussett,Prova B,Sala C,15h
721,Salmon Olech,Prova B,Sala C,15h
723,Ynes Salvadore,Prova A,Sala C,15h
725,Katy Bikker,Prova A,Sala C,15h
726,Barty Warratt,Prova A,Sala C,15h
727,Evie Busen,Prova B,Sala C,15h
728,Lyndsey McMorran,Prova A,Sala C,15h
729,Mariska Kahane,Prova A,Sala C,15h
730,Teodorico Biesinger,Prova C,Sala C,15h
731,Alli Metzel,Prova A,Sala C,15h
732,Nerta Pavyer,Prova C,Sala C,15h
733,Elke Manach,Prova A,Sala C,15h
734,Jeniece Rentelll,Prova D,Sala C,15h
735,Euphemia Drinkwater,Prova A,Sala C,15h
736,Jaquenetta Malyj,Prova A,Sala C,15h
738,Coraline Weyman,Prova A,Sala C,15h
739,Cad Rosoni,Prova B,Sala C,15h
740,Torre Marxsen,Prova C,Sala C,15h
741,Brunhilde Labdon,Prova D,Sala C,15h
742,Kariotta Sonner,Prova C,Sala C,15h
743,Berta Jollands,Prova D,Sala C,15h
744,Berrie Jennaroy,Prova C,Sala C,15h
745,Martainn Pleasaunce,Prova A,Sala C,15h
747,Erl Braiden,Prova C,Sala C,15h
748,Stuart Barlas,Prova A,Sala C,15h
749,Gerrie Penhalewick,Prova B,Sala C,15h
750,Currey Favel,Prova C,Sala C,15h
751,Kendell Baggalley,Prova A,Sala C,15h
752,Barbara Scawton,Prova C,Sala C,15h
753,Ole Yaxley,Prova B,Sala C,15h
755,Jenine Rubinov,Prova A,Sala C,15h
757,Rochelle Chaunce,Prova D,Sala C,15h
758,Lorin MacGhee,Prova A,Sala C,15h
759,Cecelia Yarnold,Prova C,Sala C,15h
760,Ladonna De Francesco,Prova D,Sala C,15h
762,Hermy Kaine,Prova D,Sala D,15h
765,Sidonnie Stonall,Prova D,Sala D,15h
766,Chrysa Lukock,Prova A,Sala D,15h
769,Trista Simnett,Prova D,Sala D,15h
770,Danni Agget,Prova C,Sala D,15h
771,Gilberte Work,Prova B,Sala D,15h
772,Horst Abbs,Prova D,Sala D,15h
774,Cherice McRory,Prova D,Sala D,15h
775,Maegan Petrakov,Prova A,Sala D,15h
777,Adorne Du Hamel,Prova D,Sala D,15h
778,Shauna Farrer,Prova A,Sala D,15h
779,Sanderson Cansdall,Prova B,Sala D,15h
780,Alexander Butteris,Prova A,Sala D,15h
781,Whitby Sichardt,Prova B,Sala D,15h
785,Tove Martinson,Prova C,Sala D,15h
786,Berkie Rylatt,Prova D,Sala D,15h
787,Alford Baudts,Prova A,Sala D,15h
788,Emmalyn Finnimore,Prova D,Sala D,15h
789,Gloria Greenough,Prova C,Sala D,15h
790,Yovonnda Molan,Prova B,Sala D,15h
791,Ketty Stuart,Prova C,Sala D,15h
792,Babb Cantwell,Prova A,Sala D,15h
793,Brear Dell'Abbate,Prova A,Sala D,15h
795,Eva Coady,Prova D,Sala D,15h
797,Jaimie Molen,Prova B,Sala D,15h
798,Edgardo Ewington,Prova D,Sala D,15h
799,Miranda Jess,Prova A,Sala D,15h
800,Juliane Pickard,Prova A,Sala D,15h
801,Muffin Letixier,Prova D,Sala D,15h
802,Aida Chidzoy,Prova D,Sala D,15h
803,Teirtza Giottoi,Prova A,Sala D,15h
804,Byron Covil,Prova B,Sala D,15h
805,Sebastiano Olorenshaw,Prova A,Sala D,15h
806,Myca Willmot,Prova C,Sala D,15h
807,Peyton Ronan,Prova A,Sala D,15h
808,Emyle Whitehurst,Prova A,Sala D,15h
809,Drew Royston,Prova B,Sala D,15h
810,Sigrid Nabbs,Prova A,Sala D,15h
812,Jill Skase,Prova D,Sala D,15h
813,Francene Brant,Prova A,Sala D,15h
814,Somerset Blaxton,Prova A,Sala E,15h
815,Jacquelyn Almond,Prova D,Sala E,15h
816,Edmon Cussins,Prova B,Sala E,15h
817,Duff Sturror,Prova B,Sala E,15h
818,Juieta Benyan,Prova D,Sala E,15h
819,Katheryn Whiffen,Prova A,Sala E,15h
820,Thibaud Clinch,Prova B,Sala E,15h
822,Eleonora Elvey,Prova A,Sala E,15h
823,Wilek Stallibrass,Prova D,Sala E,15h
825,Hillie Bickerton,Prova C,Sala E,15h
826,Haleigh Capstack,Prova C,Sala E,15h
827,Alwin De Dantesie,Prova B,Sala E,15h
828,Wakefield Cranton,Prova C,Sala E,15h
830,Lynnet Ridwood,Prova C,Sala E,15h
831,Pippo Huckstepp,Prova D,Sala E,15h
833,Noni Palliser,Prova B,Sala E,15h
834,Trenna Hudghton,Prova D,Sala E,15h
835,Ninnetta Commucci,Prova C,Sala E,15h
836,Gothart Whipp,Prova A,Sala E,15h
837,Delora Dyment,Prova C,Sala E,15h
838,Noreen Stapleford,Prova C,Sala E,15h
839,Millard Rilings,Prova D,Sala E,15h
841,Lemmy Brabban,Prova C,Sala E,15h
842,Julius Muzzlewhite,Prova D,Sala E,15h
843,Vincenty Scudder,Prova D,Sala E,15h
844,Amalea De Bruyne,Prova C,Sala E,15h
845,Kristian Kench,Prova B,Sala E,15h
846,Cordie Marquiss,Prova A,Sala E,15h
847,Kelly Bousler,Prova B,Sala E,15h
848,Simon Mizen,Prova D,Sala E,15h
849,Odell Toke,Prova C,Sala E,15h
851,Fredia Keener,Prova D,Sala E,15h
852,Edythe Gershom,Prova D,Sala E,15h
853,Amalea Ilyin,Prova C,Sala E,15h
854,Daile Dinnage,Prova D,Sala E,15h
855,Bari Spellar,Prova D,Sala E,15h
856,Noami Scothorn,Prova D,Sala E,15h
857,Babs Fragino,Prova C,Sala E,15h
858,Cyrillus Schorah,Prova A,Sala E,15h
861,Delila Drewson,Prova A,Sala E,15h
862,Bobbe Helmke,Prova D,Sala E,15h
863,Vanna Lanning,Prova A,Sala E,15h
864,Sallie Matasov,Prova C,Sala E,15h
865,Libbey Bielfeld,Prova A,Sala E,15h
866,Alistair Cannam,Prova A,Sala E,15h
867,Eddi Riddler,Prova B,Sala E,15h
868,Birgit Duddridge,Prova D,Sala E,15h
869,Ceil Heinritz,Prova A,Sala E,15h
870,Domenico Turbill,Prova B,Sala E,15h
872,Johny Simmank,Prova B,Sala E,15h
873,Raddie Kenward,Prova B,Sala E,15h
876,Livy Tedman,Prova B,Sala E,15h
877,Sheffield Blowing,Prova C,Sala E,15h
878,Josselyn Gutsell,Prova B,Sala E,15h
879,Roxanna Markl,Prova A,Sala E,15h
880,Barry Goldsby,Prova A,Sala F,15h
882,Moselle Stennine,Prova A,Sala F,15h
883,Kathie Castanares,Prova C,Sala F,15h
884,Kiah Daborne,Prova D,Sala F,15h
885,Aeriela Ironmonger,Prova A,Sala F,15h
886,Killie Ingerson,Prova C,Sala F,15h
887,Bartolemo Etoile,Prova D,Sala F,15h
888,Toddy Aspland,Prova A,Sala F,15h
891,Luigi Deavin,Prova A,Sala F,15h
892,Husein Withringten,Prova D,Sala F,15h
893,Laurie Klaffs,Prova B,Sala F,15h
895,Simone Goding,Prova C,Sala F,15h
896,Der Raggett,Prova B,Sala F,15h
899,Annalee Hannaby,Prova B,Sala F,15h
900,Warner Gruszczak,Prova D,Sala F,15h
902,Dante Harlick,Prova A,Sala F,15h
904,Gladi Wornum,Prova B,Sala F,15h
906,Leda Kinde,Prova C,Sala F,15h
908,Ronnie Penhaleurack,Prova D,Sala F,15h
909,Kalle Kearley,Prova B,Sala F,15h
910,Bear Insworth,Prova D,Sala F,15h
911,Quinton Tuffell,Prova C,Sala F,15h
912,Annis Ackenson,Prova C,Sala F,15h
913,Sallee Pagram,Prova D,Sala F,15h
914,Mimi Szubert,Prova A,Sala F,15h
915,Farley Febvre,Prova D,Sala F,15h
919,Pammy Thresh,Prova C,Sala F,15h
922,Candace Gordon,Prova D,Sala F,15h
923,Dasha Hargerie,Prova C,Sala F,15h
924,Minetta Duffy,Prova B,Sala F,15h
926,Lorne Casswell,Prova D,Sala F,15h
927,Leisha Marrill,Prova A,Sala F,15h
928,Hunter Osgardby,Prova D,Sala F,15h
929,Sallee Wegener,Prova D,Sala F,15h
930,Filip Fulkes,Prova A,Sala F,15h
932,Reina Gould,Prova C,Sala F,15h
933,Jamey Paffley,Prova A,Sala F,15h
934,Margery Rasmus,Prova C,Sala F,15h
935,Giff Moppett,Prova A,Sala F,15h
936,Melantha Birdseye,Prova C,Sala F,15h
937,Ericha Walbridge,Prova A,Sala F,15h
938,Cristi Basford,Prova B,Sala F,15h
939,Leontine Mauchlen,Prova D,Sala F,15h
941,Gibbie Coddington,Prova C,Sala F,15h
942,Vilhelmina Le Pruvost,Prova D,Sala F,15h
943,Kaja Sheldrick,Prova B,Sala F,15h
944,Carmela Boyen,Prova B,Sala F,15h
945,Cleveland Elmar,Prova D,Sala F,15h
947,Laure Dadson,Prova A,Sala F,15h
948,Georgeanne Radsdale,Prova D,Sala F,15h
